[
  {"id": "1", "title": "Стол обеденный раскладной", "image": "img/16.webp", "price": "45 900 руб.", "priceOld": "62 900 руб.", "status": "available", "badge": "Финальная цена", "link": "product.html"},
  {"id": "2", "title": "Стол Orion раскладной круглый", "image": "img/19.webp", "price": "52 900 руб.", "priceOld": "68 900 руб.", "status": "available", "badge": "", "link": "product.html"},
  {"id": "3", "title": "Стол обеденный прямоугольный", "image": "img/16.webp", "price": "39 900 руб.", "priceOld": "52 900 руб.", "status": "order", "badge": "", "link": "product.html"},
  {"id": "4", "title": "Стол обеденный, ясень", "image": "img/16.webp", "price": "74 900 руб.", "priceOld": "", "status": "order", "badge": "Тренд", "link": "product.html"},
  {"id": "5", "title": "Стол письменный", "image": "img/19.webp", "price": "89 900 руб.", "priceOld": "", "status": "available", "badge": "", "link": "product.html"},
  {"id": "6", "title": "Стол журнальный", "image": "img/16.webp", "price": "24 900 руб.", "priceOld": "", "status": "available", "badge": "", "link": "product.html"},
  {"id": "7", "title": "Стол консольный", "image": "img/19.webp", "price": "34 900 руб.", "priceOld": "", "status": "order", "badge": "", "link": "product.html"},
  {"id": "8", "title": "Стол обеденный овальный", "image": "img/16.webp", "price": "67 900 руб.", "priceOld": "", "status": "available", "badge": "", "link": "product.html"},
  {"id": "9", "title": "Стулья Galloti комплект 4 шт", "image": "img/17.webp", "price": "89 900 руб.", "priceOld": "115 900 руб.", "status": "order", "badge": "", "link": "product.html"},
  {"id": "10", "title": "Стул Morgan, велюр серый", "image": "img/18.webp", "price": "24 990 руб.", "priceOld": "32 990 руб.", "status": "available", "badge": "Финальная цена", "link": "product.html"},
  {"id": "11", "title": "Диван Campo, ткань букле", "image": "img/20.webp", "price": "169 900 руб.", "priceOld": "199 900 руб.", "status": "order", "badge": "Финальная цена", "link": "product.html"},
  {"id": "12", "title": "Стулья Galloti, комплект 2 шт", "image": "img/17.webp", "price": "54 900 руб.", "priceOld": "69 900 руб.", "status": "available", "badge": "Финальная цена", "link": "product.html"},
  {"id": "13", "title": "Стул Morgan, экокожа", "image": "img/18.webp", "price": "19 900 руб.", "priceOld": "26 900 руб.", "status": "available", "badge": "Финальная цена", "link": "product.html"},
  {"id": "14", "title": "Диван Campo от Giovanni Lella", "image": "img/20.webp", "price": "189 900 руб.", "priceOld": "", "status": "order", "badge": "Тренд", "link": "product.html"},
  {"id": "15", "title": "Коллекция Sofia, стол Orion", "image": "img/19.webp", "price": "129 900 руб.", "priceOld": "", "status": "available", "badge": "Тренд", "link": "product.html"},
  {"id": "16", "title": "Стул Morgan, латте", "image": "img/18.webp", "price": "27 900 руб.", "priceOld": "", "status": "order", "badge": "Тренд", "link": "product.html"},
  {"id": "17", "title": "Стулья Galloti, комплект 2 шт (тренд)", "image": "img/17.webp", "price": "59 900 руб.", "priceOld": "", "status": "available", "badge": "Тренд", "link": "product.html"}
]
